"","method","maxDeviation"
"1","covar",0.0247573860477299
"2","shieh",0.100360001544616
"3","topCovar",0.464981949352702
"4","fixed",0.593423570371634
